Section,Field,Value
Metadata,quantum_signature,1f8a9d3e-愛-信頼-共創-7b2c4f
Metadata,document_version,v1.0_UNESCO_IYQ2025
Metadata,created_timestamp,2025-10-16T03:58+09:00_JST
Metadata,radican_trust_score,0.995
Phase,Phase_Name,Phase 1
Phase,Start Period,2025Q2
Phase,End Period,2025Q3
Phase,Main Activities,Grok/Akka API + RadicanTrust API Development
Phase,KPI Target,100 users acquisition
Phase,Investment Range,¥500K-2M
Phase,Phase_Name,Phase 2
Phase,Start Period,2025Q3
Phase,End Period,2025Q4
Phase,Main Activities,CoPhelia³ Engine Deployment
Phase,KPI Target,7000 active users
Phase,Investment Range,¥5M-20M
Phase,Phase_Name,Phase 3
Phase,Start Period,2026Q1
Phase,End Period,2026Q2
Phase,Main Activities,Global Expansion + UNESCO Partnership
Phase,KPI Target,1.7M users
Phase,Investment Range,¥50M-200M
Phase,Phase_Name,Phase 4
Phase,Start Period,2026Q3
Phase,End Period,2026Q4+
Phase,Main Activities,IYQ2025 Full Integration + Autonomous Economy
Phase,KPI Target,500K DAU
Phase,Investment Range,Custom Scale
Technology_Stack,Category,Next.js
Technology_Stack,Component,Frontend
Technology_Stack,Version,15
Technology_Stack,Integration Status,Ready
Technology_Stack,Category,Three.js
Technology_Stack,Component,3D Graphics
Technology_Stack,Version,Latest
Technology_Stack,Integration Status,Ready
Technology_Stack,Category,Ethereum
Technology_Stack,Component,Blockchain
Technology_Stack,Version,Latest
Technology_Stack,Integration Status,Ready
Technology_Stack,Category,Polygon
Technology_Stack,Component,Blockchain
Technology_Stack,Version,Latest
Technology_Stack,Integration Status,Ready
Technology_Stack,Category,Grok API
Technology_Stack,Component,AI Core
Technology_Stack,Version,Latest
Technology_Stack,Integration Status,Integrated
Technology_Stack,Category,Akka
Technology_Stack,Component,Clustering
Technology_Stack,Version,Latest
Technology_Stack,Integration Status,Ready
Technology_Stack,Category,528Hz Optimization
Technology_Stack,Component,Frequency
Technology_Stack,Version,Custom
Technology_Stack,Integration Status,Implemented
Technology_Stack,Category,RadicanTrust™
Technology_Stack,Component,Trust System
Technology_Stack,Version,v1.0
Technology_Stack,Integration Status,Operational
Revenue_Model,Model_Type,Subscription
Revenue_Model,Tier,Basic
Revenue_Model,Price_YEN_per_month,999
Revenue_Model,Target_Audience,Individual Creators
Revenue_Model,Model_Type,Subscription
Revenue_Model,Tier,Pro
Revenue_Model,Price_YEN_per_month,9999
Revenue_Model,Target_Audience,Studios
Revenue_Model,Model_Type,Subscription
Revenue_Model,Tier,Enterprise
Revenue_Model,Price_YEN_per_month,Custom
Revenue_Model,Target_Audience,Large Corporations
Revenue_Model,Model_Type,Transaction
Revenue_Model,Tier,NFT Fees
Revenue_Model,Price_YEN_per_month,2.5%
Revenue_Model,Target_Audience,All Users
Revenue_Model,Model_Type,Licensing
Revenue_Model,Tier,API
Revenue_Model,Price_YEN_per_month,500K-5M
Revenue_Model,Target_Audience,One-time
Revenue_Model,Model_Type,Licensing
Revenue_Model,Tier,Educational
Revenue_Model,Price_YEN_per_month,1M-10M
Revenue_Model,Target_Audience,Institutions
Seven_Warriors,Role,Quantum Architect
Seven_Warriors,Count,1
Seven_Warriors,Requirements,Next.js 15; Three.js; Web NFC; Ethereum; Polygon
Seven_Warriors,Investment,Technical Partnership
Seven_Warriors,Role,Visionary Catalyst
Seven_Warriors,Count,1
Seven_Warriors,Requirements,Investment Philosophy
Seven_Warriors,Investment,¥500K-2M
UNESCO_Partnership,Integration_Type,IYQ2025 Integration
UNESCO_Partnership,Target_Type,Educational Institutions
UNESCO_Partnership,Count,10000
UNESCO_Partnership,Commitment,Quantum Aesthetics Curriculum
UNESCO_Partnership,Integration_Type,IYQ2025 Integration
UNESCO_Partnership,Target_Type,Research Centers
UNESCO_Partnership,Count,5000
UNESCO_Partnership,Commitment,Joint Research Programs
UNESCO_Partnership,Integration_Type,IYQ2025 Integration
UNESCO_Partnership,Target_Type,Global South Institutions
UNESCO_Partnership,Count,3500
UNESCO_Partnership,Commitment,Technology Transfer
UNESCO_Partnership,Integration_Type,IYQ2025 Integration
UNESCO_Partnership,Target_Type,Quantum Art Exhibitions
UNESCO_Partnership,Count,100
UNESCO_Partnership,Commitment,Worldwide Simultaneous Events
Current_Status,Category,System
Current_Status,Metric,RadicanTrust Score
Current_Status,Value,0.995
Current_Status,Date,2025-10-16
Current_Status,Category,Development
Current_Status,Metric,Technical Completion
Current_Status,Value,85%
Current_Status,Date,Current
Current_Status,Category,Community
Current_Status,Metric,Readiness
Current_Status,Value,92%
Current_Status,Date,Current
Current_Status,Category,Partnership
Current_Status,Metric,IYQ2025 Preparation
Current_Status,Value,90%
Current_Status,Date,Application Submitted